Plan No.,Plan Name
1588,ARLINGTON
1633,ELM
1635,Palmer
1641,IVY
1653,BLOOMINGTON
1673,BRISTOL
1785,MARIGOLD
1797,CLIFTON
1801,VENICE
1883,DOVER
1901,AZALEA
1997,Buxton
2083,MILTON
2091,GRIFFIN
2149,Calhoun
2153,COASTAL
2171,GLOUCESTER
2215,SAMANTHA
2227,LINCOLN
2231,VERWOOD
2233,WRIGHTSVILLE
2282,Rutherford
2291,SEABROOK
2295,Madison
2317,Adams
2383,CALABASH
2519,BAILEY
2547,BEECHWOOD
2549,ROSEMARY
2561,FLEETWOOD
2609,BUCHANAN
2639,Jackson
2747,CAPE ROMAIN
2755,SUFFIELD
2777,LONDON
2811,WEYMOUTH
2815,Augusta
2832,EMBRY
2837,FILLMORE
2849,ABRAHAM
2922,SUMMIT
3010,ALDER
3011,CANLERS
3015,HILTON
3041,MCKINLEY
3113,MONROE
3123,HAMPSHIRE
3173,MAPLE
3195,WILSON
3198,STRATFORD
3203,COOLIDGE
3257,ESSEX
3271,HARDING
3361,GRANT
3495,WASHINGTON
3498,CHESTNUT
3521,DANCOURT
3583,KRISTIN
3665,MANCHESTER
3903,WOODROW
3943,WAYBURY
4064,ELINCOURT
4084,FIONA
4172,ELEANORE
4334,ISABELLA
4372,JASMINE
T201,Roanoke
T202,Savannah
T203,Linville
T221,Sullivan
T222,LitchField
T232,Sandra
T233,Livia
2488,Pierce
2766,Nathan James
2824,Garland
3124,Clarke
3185,Ashley
3199,Kendrick
3250,Vanderbilt
3371,Fitzgerald
3385,Brentwood
3491,Wyndham
3533,Ella
3574,Jenna
3701,Hartford
3706,Perrin
3740,Voysey
3845,Christian Stewart
3848,Hampton
3940,Hampton
4205,Stanton Ridge
4375,Kathryn
1343,Macon Heritage
2511,Hayden Heritage
1390,Rachel Heritage
1461,Maywood
1462,Newton
1559,Patrick Heritage
1560,Davidson Carolina
1565,Brandon Heritage
1619,Ashville Carolina
1746,Harrison Heritage
1773,Camden Carolina
1889,Shane Heritage
1890,Hamilton Carolina
1906,Aberdeen Carolina
1927,Aisle Heritage
2059,Brookechase Heritage
2060,Concord Carolina
2174,Elston Heritage
2230,Vivian Heritage
2234,Pinehurst Carolina
2361,Robie Heritage
2494,Chelsea Heritage
2495,Charleston Carolina
2546,Holly Heritage
2548,Winston Carolina
2644,Kyle Heritage
2645,Biltmore Carolina
2800,Wilmington Carolina
3142,Columbia Carolina
3433,Georgetown Carolina
3994,Hatteras Carolina
